t_s,temp,setpoint,heat,cool,err,err_remain_ms,db_remain_ms
0.1,20.0,50.0,0,0,0,0,500
0.2,20.0,50.0,0,0,0,0,400
0.3,20.0,50.0,0,0,0,0,300
0.4,20.0,50.0,0,0,0,0,200
0.5,20.0,50.0,0,0,0,0,100
0.6,20.8,50.0,1,0,0,0,0
0.7,21.6,50.0,1,0,0,0,0
0.8,22.39,50.0,1,0,0,0,0
0.9,23.18,50.0,1,0,0,0,0
1.0,23.96,50.0,1,0,0,0,0
1.1,24.74,50.0,1,0,0,0,0
1.2,25.52,50.0,1,0,0,0,0
1.3,26.29,50.0,1,0,0,0,0
1.4,27.06,50.0,1,0,0,0,0
1.5,27.82,50.0,1,0,0,0,0
1.6,28.58,50.0,1,0,0,0,0
1.7,29.34,50.0,1,0,0,0,0
1.8,30.09,50.0,1,0,0,0,0
1.9,30.84,50.0,1,0,0,0,0
2.0,31.59,50.0,1,0,0,0,0
2.1,32.33,50.0,1,0,0,0,0
2.2,33.07,50.0,1,0,0,0,0
2.3,33.8,50.0,1,0,0,0,0
2.4,34.53,50.0,1,0,0,0,0
2.5,35.26,50.0,1,0,0,0,0
2.6,35.99,50.0,1,0,0,0,0
2.7,36.71,50.0,1,0,0,0,0
2.8,37.42,50.0,1,0,0,0,0
2.9,38.14,50.0,1,0,0,0,0
3.0,38.84,50.0,1,0,0,0,0
3.1,39.55,50.0,1,0,0,0,0
3.2,40.25,50.0,1,0,0,0,0
3.3,40.95,50.0,1,0,0,0,0
3.4,41.65,50.0,1,0,0,0,0
3.5,42.34,50.0,1,0,0,0,0
3.6,43.03,50.0,1,0,0,0,0
3.7,43.71,50.0,1,0,0,0,0
3.8,44.39,50.0,1,0,0,0,0
3.9,45.07,50.0,1,0,0,0,0
4.0,45.75,50.0,1,0,0,0,0
4.1,46.42,50.0,1,0,0,0,0
4.2,47.09,50.0,1,0,0,0,0
4.3,47.75,50.0,1,0,0,0,0
4.4,48.41,50.0,1,0,0,0,0
4.5,49.07,50.0,1,0,0,0,0
4.6,49.72,50.0,1,0,0,0,0
4.7,50.37,50.0,1,0,0,0,0
4.8,50.22,50.0,0,0,0,0,0
4.9,50.07,50.0,0,0,0,0,0
5.0,49.92,50.0,0,0,0,0,0
5.1,49.77,50.0,0,0,0,0,0
5.2,49.62,50.0,0,0,0,0,0
5.3,49.47,50.0,0,0,0,0,0
5.4,49.33,50.0,0,0,0,0,0
5.5,49.18,50.0,0,0,0,0,0
5.6,49.03,50.0,0,0,0,0,0
5.7,48.89,50.0,0,0,0,0,0
5.8,48.75,50.0,0,0,0,0,0
5.9,48.6,50.0,0,0,0,0,0
6.0,48.46,50.0,0,0,0,0,0
6.1,48.32,50.0,0,0,0,0,0
6.2,48.17,50.0,0,0,0,0,0
6.3,48.03,50.0,0,0,0,0,0
6.4,47.89,50.0,0,0,0,0,0
6.5,47.75,50.0,0,0,0,0,0
6.6,47.62,50.0,0,0,0,0,0
6.7,47.48,50.0,0,0,0,0,0
6.8,47.34,50.0,0,0,0,0,0
6.9,47.2,50.0,0,0,0,0,0
7.0,47.07,50.0,0,0,0,0,0
7.1,46.93,50.0,0,0,0,0,0
7.2,46.8,50.0,0,0,0,0,0
7.3,46.66,50.0,0,0,0,0,0
7.4,46.53,50.0,0,0,0,0,0
7.5,46.4,50.0,0,0,0,0,0
7.6,46.27,50.0,0,0,0,0,0
7.7,46.13,50.0,0,0,0,0,0
7.8,46.0,50.0,0,0,0,0,0
7.9,45.87,50.0,0,0,0,0,0
8.0,45.74,50.0,0,0,0,0,0
8.1,45.62,50.0,0,0,0,0,0
8.2,45.49,50.0,0,0,0,0,0
8.3,45.36,50.0,0,0,0,0,0
8.4,45.23,50.0,0,0,0,0,0
8.5,45.11,50.0,0,0,0,0,0
8.6,44.98,50.0,0,0,0,0,0
8.7,44.86,50.0,0,0,0,0,500
8.8,44.73,50.0,0,0,0,0,400
8.9,44.61,50.0,0,0,0,0,300
9.0,44.49,50.0,0,0,0,0,200
9.1,44.36,50.0,0,0,0,0,100
9.2,45.04,50.0,1,0,0,0,0
9.3,45.72,50.0,1,0,0,0,0
9.4,46.39,50.0,1,0,0,0,0
9.5,47.06,50.0,1,0,0,0,0
9.6,47.72,50.0,1,0,0,0,0
9.7,48.38,50.0,1,0,0,0,0
9.8,49.04,50.0,1,0,0,0,0
9.9,49.69,50.0,1,0,0,0,0
10.0,50.35,50.0,1,0,0,0,0
10.1,50.19,50.0,0,0,0,0,0
10.2,50.04,50.0,0,0,0,0,0
10.3,49.89,50.0,0,0,0,0,0
10.4,49.74,50.0,0,0,0,0,0
10.5,49.59,50.0,0,0,0,0,0
10.6,49.45,50.0,0,0,0,0,0
10.7,49.3,50.0,0,0,0,0,0
10.8,49.15,50.0,0,0,0,0,0
10.9,49.01,50.0,0,0,0,0,0
11.0,48.86,50.0,0,0,0,0,0
11.1,48.72,50.0,0,0,0,0,0
11.2,48.57,50.0,0,0,0,0,0
11.3,48.43,50.0,0,0,0,0,0
11.4,48.29,50.0,0,0,0,0,0
11.5,48.15,50.0,0,0,0,0,0
11.6,48.01,50.0,0,0,0,0,0
11.7,47.87,50.0,0,0,0,0,0
11.8,47.73,50.0,0,0,0,0,0
11.9,47.59,50.0,0,0,0,0,0
12.0,47.45,50.0,0,0,0,0,0
12.1,47.31,50.0,0,0,0,0,0
12.2,47.18,50.0,0,0,0,0,0
12.3,47.04,50.0,0,0,0,0,0
12.4,46.91,50.0,0,0,0,0,0
12.5,46.77,50.0,0,0,0,0,0
12.6,46.64,50.0,0,0,0,0,0
12.7,46.5,50.0,0,0,0,0,0
12.8,46.37,50.0,0,0,0,0,0
12.9,46.24,50.0,0,0,0,0,0
13.0,46.11,50.0,0,0,0,0,0
13.1,45.98,50.0,0,0,0,0,0
13.2,45.85,50.0,0,0,0,0,0
13.3,45.72,50.0,0,0,0,0,0
13.4,45.59,50.0,0,0,0,0,0
13.5,45.46,50.0,0,0,0,0,0
13.6,45.34,50.0,0,0,0,0,0
13.7,45.21,50.0,0,0,0,0,0
13.8,45.08,50.0,0,0,0,0,0
13.9,44.96,50.0,0,0,0,0,0
14.0,44.83,50.0,0,0,0,0,500
14.1,44.71,50.0,0,0,0,0,400
14.2,44.58,50.0,0,0,0,0,300
14.3,44.46,50.0,0,0,0,0,200
14.4,44.34,50.0,0,0,0,0,100
14.5,45.02,50.0,1,0,0,0,0
14.6,45.69,50.0,1,0,0,0,0
14.7,46.36,50.0,1,0,0,0,0
14.8,47.03,50.0,1,0,0,0,0
14.9,47.7,50.0,1,0,0,0,0
15.0,48.36,50.0,1,0,0,0,0
15.1,49.02,50.0,1,0,0,0,0
15.2,49.67,50.0,1,0,0,0,0
15.3,50.32,50.0,1,0,0,0,0
15.4,50.17,50.0,0,0,0,0,0
15.5,50.02,50.0,0,0,0,0,0
15.6,49.87,50.0,0,0,0,0,0
15.7,49.72,50.0,0,0,0,0,0
15.8,49.57,50.0,0,0,0,0,0
15.9,49.43,50.0,0,0,0,0,0
16.0,49.28,50.0,0,0,0,0,0
16.1,49.13,50.0,0,0,0,0,0
16.2,48.99,50.0,0,0,0,0,0
16.3,48.84,50.0,0,0,0,0,0
16.4,48.7,50.0,0,0,0,0,0
16.5,48.55,50.0,0,0,0,0,0
16.6,48.41,50.0,0,0,0,0,0
16.7,48.27,50.0,0,0,0,0,0
16.8,48.13,50.0,0,0,0,0,0
16.9,47.99,50.0,0,0,0,0,0
17.0,47.85,50.0,0,0,0,0,0
17.1,47.71,50.0,0,0,0,0,0
17.2,47.57,50.0,0,0,0,0,0
17.3,47.43,50.0,0,0,0,0,0
17.4,47.29,50.0,0,0,0,0,0
17.5,47.16,50.0,0,0,0,0,0
17.6,47.02,50.0,0,0,0,0,0
17.7,46.89,50.0,0,0,0,0,0
17.8,46.75,50.0,0,0,0,0,0
17.9,46.62,50.0,0,0,0,0,0
18.0,46.49,50.0,0,0,0,0,0
18.1,46.35,50.0,0,0,0,0,0
18.2,46.22,50.0,0,0,0,0,0
18.3,46.09,50.0,0,0,0,0,0
18.4,45.96,50.0,0,0,0,0,0
18.5,45.83,50.0,0,0,0,0,0
18.6,45.7,50.0,0,0,0,0,0
18.7,45.57,50.0,0,0,0,0,0
18.8,45.44,50.0,0,0,0,0,0
18.9,45.32,50.0,0,0,0,0,0
19.0,45.19,50.0,0,0,0,0,0
19.1,45.06,50.0,0,0,0,0,0
19.2,44.94,50.0,0,0,0,0,0
19.3,44.81,50.0,0,0,0,0,500
19.4,44.69,50.0,0,0,0,0,400
19.5,44.57,50.0,0,0,0,0,300
19.6,44.44,50.0,0,0,0,0,200
19.7,44.32,50.0,0,0,0,0,100
19.8,45.0,50.0,1,0,0,0,0
19.9,45.68,50.0,1,0,0,0,0
20.0,46.35,50.0,1,0,0,0,0
20.1,47.02,50.0,1,0,0,0,0
20.2,47.68,50.0,1,0,0,0,0
20.3,48.34,50.0,1,0,0,0,0
20.4,49.0,50.0,1,0,0,0,0
20.5,49.66,50.0,1,0,0,0,0
20.6,50.31,50.0,1,0,0,0,0
20.7,50.16,50.0,0,0,0,0,0
20.8,50.0,50.0,0,0,0,0,0
20.9,49.85,50.0,0,0,0,0,0
21.0,49.71,50.0,0,0,0,0,0
21.1,49.56,50.0,0,0,0,0,0
21.2,49.41,50.0,0,0,0,0,0
21.3,49.26,50.0,0,0,0,0,0
21.4,49.12,50.0,0,0,0,0,0
21.5,48.97,50.0,0,0,0,0,0
21.6,48.83,50.0,0,0,0,0,0
21.7,48.68,50.0,0,0,0,0,0
21.8,48.54,50.0,0,0,0,0,0
21.9,48.39,50.0,0,0,0,0,0
22.0,48.25,50.0,0,0,0,0,0
22.1,48.11,50.0,0,0,0,0,0
22.2,47.97,50.0,0,0,0,0,0
22.3,47.83,50.0,0,0,0,0,0
22.4,47.69,50.0,0,0,0,0,0
22.5,47.55,50.0,0,0,0,0,0
22.6,47.42,50.0,0,0,0,0,0
22.7,47.28,50.0,0,0,0,0,0
22.8,47.14,50.0,0,0,0,0,0
22.9,47.01,50.0,0,0,0,0,0
23.0,46.87,50.0,0,0,0,0,0
23.1,46.74,50.0,0,0,0,0,0
23.2,46.6,50.0,0,0,0,0,0
23.3,46.47,50.0,0,0,0,0,0
23.4,46.34,50.0,0,0,0,0,0
23.5,46.21,50.0,0,0,0,0,0
23.6,46.08,50.0,0,0,0,0,0
23.7,45.95,50.0,0,0,0,0,0
23.8,45.82,50.0,0,0,0,0,0
23.9,45.69,50.0,0,0,0,0,0
24.0,45.56,50.0,0,0,0,0,0
24.1,45.43,50.0,0,0,0,0,0
24.2,45.3,50.0,0,0,0,0,0
24.3,45.18,50.0,0,0,0,0,0
24.4,45.05,50.0,0,0,0,0,0
24.5,44.93,50.0,0,0,0,0,0
24.6,44.8,50.0,0,0,0,0,500
24.7,44.68,50.0,0,0,0,0,400
24.8,44.55,50.0,0,0,0,0,300
24.9,44.43,50.0,0,0,0,0,200
25.0,44.31,50.0,0,0,0,0,100
25.1,44.99,50.0,1,0,0,0,0
25.2,45.66,50.0,1,0,0,0,0
25.3,46.33,50.0,1,0,0,0,0
25.4,47.0,50.0,1,0,0,0,0
25.5,47.67,50.0,1,0,0,0,0
25.6,48.33,50.0,1,0,0,0,0
25.7,48.99,50.0,1,0,0,0,0
25.8,49.64,50.0,1,0,0,0,0
25.9,50.29,50.0,1,0,0,0,0
26.0,50.14,50.0,0,0,0,0,0
26.1,49.99,50.0,0,0,0,0,0
26.2,49.84,50.0,0,0,0,0,0
26.3,49.69,50.0,0,0,0,0,0
26.4,49.54,50.0,0,0,0,0,0
26.5,49.4,50.0,0,0,0,0,0
26.6,49.25,50.0,0,0,0,0,0
26.7,49.1,50.0,0,0,0,0,0
26.8,48.96,50.0,0,0,0,0,0
26.9,48.81,50.0,0,0,0,0,0
27.0,48.67,50.0,0,0,0,0,0
27.1,48.53,50.0,0,0,0,0,0
27.2,48.38,50.0,0,0,0,0,0
27.3,48.24,50.0,0,0,0,0,0
27.4,48.1,50.0,0,0,0,0,0
27.5,47.96,50.0,0,0,0,0,0
27.6,47.82,50.0,0,0,0,0,0
27.7,47.68,50.0,0,0,0,0,0
27.8,47.54,50.0,0,0,0,0,0
27.9,47.4,50.0,0,0,0,0,0
28.0,47.27,50.0,0,0,0,0,0
28.1,47.13,50.0,0,0,0,0,0
28.2,47.0,50.0,0,0,0,0,0
28.3,46.86,50.0,0,0,0,0,0
28.4,46.73,50.0,0,0,0,0,0
28.5,46.59,50.0,0,0,0,0,0
28.6,46.46,50.0,0,0,0,0,0
28.7,46.33,50.0,0,0,0,0,0
28.8,46.2,50.0,0,0,0,0,0
28.9,46.06,50.0,0,0,0,0,0
29.0,45.93,50.0,0,0,0,0,0
29.1,45.8,50.0,0,0,0,0,0
29.2,45.68,50.0,0,0,0,0,0
29.3,45.55,50.0,0,0,0,0,0
29.4,45.42,50.0,0,0,0,0,0
29.5,45.29,50.0,0,0,0,0,0
29.6,45.17,50.0,0,0,0,0,0
29.7,45.04,50.0,0,0,0,0,0
29.8,44.91,50.0,0,0,0,0,0
29.9,44.79,50.0,0,0,0,0,500
30.0,44.67,50.0,0,0,0,0,400
30.1,44.54,50.0,0,0,0,0,300
30.2,44.42,50.0,0,0,0,0,200
30.3,44.3,50.0,0,0,0,0,100
30.4,44.98,50.0,1,0,0,0,0
30.5,45.65,50.0,1,0,0,0,0
30.6,46.32,50.0,1,0,0,0,0
30.7,46.99,50.0,1,0,0,0,0
30.8,47.66,50.0,1,0,0,0,0
30.9,48.32,50.0,1,0,0,0,0
31.0,48.98,50.0,1,0,0,0,0
31.1,49.63,50.0,1,0,0,0,0
31.2,50.28,50.0,1,0,0,0,0
31.3,50.13,50.0,0,0,0,0,0
31.4,49.98,50.0,0,0,0,0,0
31.5,49.83,50.0,0,0,0,0,0
31.6,49.68,50.0,0,0,0,0,0
31.7,49.53,50.0,0,0,0,0,0
31.8,49.39,50.0,0,0,0,0,0
31.9,49.24,50.0,0,0,0,0,0
32.0,49.09,50.0,0,0,0,0,0
32.1,48.95,50.0,0,0,0,0,0
32.2,48.8,50.0,0,0,0,0,0
32.3,48.66,50.0,0,0,0,0,0
32.4,48.52,50.0,0,0,0,0,0
32.5,48.37,50.0,0,0,0,0,0
32.6,48.23,50.0,0,0,0,0,0
32.7,48.09,50.0,0,0,0,0,0
32.8,47.95,50.0,0,0,0,0,0
32.9,47.81,50.0,0,0,0,0,0
33.0,47.67,50.0,0,0,0,0,0
33.1,47.53,50.0,0,0,0,0,0
33.2,47.4,50.0,0,0,0,0,0
33.3,47.26,50.0,0,0,0,0,0
33.4,47.12,50.0,0,0,0,0,0
33.5,46.99,50.0,0,0,0,0,0
33.6,46.85,50.0,0,0,0,0,0
33.7,46.72,50.0,0,0,0,0,0
33.8,46.58,50.0,0,0,0,0,0
33.9,46.45,50.0,0,0,0,0,0
34.0,46.32,50.0,0,0,0,0,0
34.1,46.19,50.0,0,0,0,0,0
34.2,46.06,50.0,0,0,0,0,0
34.3,45.93,50.0,0,0,0,0,0
34.4,45.8,50.0,0,0,0,0,0
34.5,45.67,50.0,0,0,0,0,0
34.6,45.54,50.0,0,0,0,0,0
34.7,45.41,50.0,0,0,0,0,0
34.8,45.28,50.0,0,0,0,0,0
34.9,45.16,50.0,0,0,0,0,0
35.0,45.03,50.0,0,0,0,0,0
35.1,44.91,50.0,0,0,0,0,0
35.2,44.78,50.0,0,0,0,0,500
35.3,44.66,50.0,0,0,0,0,400
35.4,44.53,50.0,0,0,0,0,300
35.5,44.41,50.0,0,0,0,0,200
35.6,44.29,50.0,0,0,0,0,100
35.7,44.97,50.0,1,0,0,0,0
35.8,45.64,50.0,1,0,0,0,0
35.9,46.32,50.0,1,0,0,0,0
36.0,46.98,50.0,1,0,0,0,0
36.1,47.65,50.0,1,0,0,0,0
36.2,48.31,50.0,1,0,0,0,0
36.3,48.97,50.0,1,0,0,0,0
36.4,49.62,50.0,1,0,0,0,0
36.5,50.28,50.0,1,0,0,0,0
36.6,50.12,50.0,0,0,0,0,0
36.7,49.97,50.0,0,0,0,0,0
36.8,49.82,50.0,0,0,0,0,0
36.9,49.68,50.0,0,0,0,0,0
37.0,49.53,50.0,0,0,0,0,0
37.1,49.38,50.0,0,0,0,0,0
37.2,49.23,50.0,0,0,0,0,0
37.3,49.09,50.0,0,0,0,0,0
37.4,48.94,50.0,0,0,0,0,0
37.5,48.8,50.0,0,0,0,0,0
37.6,48.65,50.0,0,0,0,0,0
37.7,48.51,50.0,0,0,0,0,0
37.8,48.37,50.0,0,0,0,0,0
37.9,48.22,50.0,0,0,0,0,0
38.0,48.08,50.0,0,0,0,0,0
38.1,47.94,50.0,0,0,0,0,0
38.2,47.8,50.0,0,0,0,0,0
38.3,47.66,50.0,0,0,0,0,0
38.4,47.53,50.0,0,0,0,0,0
38.5,47.39,50.0,0,0,0,0,0
38.6,47.25,50.0,0,0,0,0,0
38.7,47.11,50.0,0,0,0,0,0
38.8,46.98,50.0,0,0,0,0,0
38.9,46.84,50.0,0,0,0,0,0
39.0,46.71,50.0,0,0,0,0,0
39.1,46.58,50.0,0,0,0,0,0
39.2,46.44,50.0,0,0,0,0,0
39.3,46.31,50.0,0,0,0,0,0
39.4,46.18,50.0,0,0,0,0,0
39.5,46.05,50.0,0,0,0,0,0
39.6,45.92,50.0,0,0,0,0,0
39.7,45.79,50.0,0,0,0,0,0
39.8,45.66,50.0,0,0,0,0,0
39.9,45.53,50.0,0,0,0,0,0
40.0,45.4,50.0,0,0,0,0,0
40.1,45.28,50.0,0,0,0,0,0
40.2,45.15,50.0,0,0,0,0,0
40.3,45.03,50.0,0,0,0,0,0
40.4,44.9,50.0,0,0,0,0,0
40.5,44.78,50.0,0,0,0,0,500
40.6,44.65,50.0,0,0,0,0,400
40.7,44.53,50.0,0,0,0,0,300
40.8,44.41,50.0,0,0,0,0,200
40.9,44.28,50.0,0,0,0,0,100
41.0,44.96,50.0,1,0,0,0,0
41.1,45.64,50.0,1,0,0,0,0
41.2,46.31,50.0,1,0,0,0,0
41.3,46.98,50.0,1,0,0,0,0
41.4,47.64,50.0,1,0,0,0,0
41.5,48.3,50.0,1,0,0,0,0
41.6,48.96,50.0,1,0,0,0,0
41.7,49.62,50.0,1,0,0,0,0
41.8,50.27,50.0,1,0,0,0,0
41.9,50.12,50.0,0,0,0,0,0
42.0,49.97,50.0,0,0,0,0,0
42.1,49.82,50.0,0,0,0,0,0
42.2,49.67,50.0,0,0,0,0,0
42.3,49.52,50.0,0,0,0,0,0
42.4,49.37,50.0,0,0,0,0,0
42.5,49.23,50.0,0,0,0,0,0
42.6,49.08,50.0,0,0,0,0,0
42.7,48.94,50.0,0,0,0,0,0
42.8,48.79,50.0,0,0,0,0,0
42.9,48.65,50.0,0,0,0,0,0
43.0,48.5,50.0,0,0,0,0,0
43.1,48.36,50.0,0,0,0,0,0
43.2,48.22,50.0,0,0,0,0,0
43.3,48.08,50.0,0,0,0,0,0
43.4,47.94,50.0,0,0,0,0,0
43.5,47.8,50.0,0,0,0,0,0
43.6,47.66,50.0,0,0,0,0,0
43.7,47.52,50.0,0,0,0,0,0
43.8,47.38,50.0,0,0,0,0,0
43.9,47.25,50.0,0,0,0,0,0
44.0,47.11,50.0,0,0,0,0,0
44.1,46.97,50.0,0,0,0,0,0
44.2,46.84,50.0,0,0,0,0,0
44.3,46.71,50.0,0,0,0,0,0
44.4,46.57,50.0,0,0,0,0,0
44.5,46.44,50.0,0,0,0,0,0
44.6,46.31,50.0,0,0,0,0,0
44.7,46.17,50.0,0,0,0,0,0
44.8,46.04,50.0,0,0,0,0,0
44.9,45.91,50.0,0,0,0,0,0
45.0,45.78,50.0,0,0,0,0,0
45.1,45.66,50.0,0,0,0,0,0
45.2,45.53,50.0,0,0,0,0,0
45.3,45.4,50.0,0,0,0,0,0
45.4,45.27,50.0,0,0,0,0,0
45.5,45.15,50.0,0,0,0,0,0
45.6,45.02,50.0,0,0,0,0,0
45.7,44.9,50.0,0,0,0,0,0
45.8,44.77,50.0,0,0,0,0,500
45.9,44.65,50.0,0,0,0,0,400
46.0,44.52,50.0,0,0,0,0,300
46.1,44.4,50.0,0,0,0,0,200
46.2,44.28,50.0,0,0,0,0,100
46.3,44.96,50.0,1,0,0,0,0
46.4,45.63,50.0,1,0,0,0,0
46.5,46.3,50.0,1,0,0,0,0
46.6,46.97,50.0,1,0,0,0,0
46.7,47.64,50.0,1,0,0,0,0
46.8,48.3,50.0,1,0,0,0,0
46.9,48.96,50.0,1,0,0,0,0
47.0,49.61,50.0,1,0,0,0,0
47.1,50.27,50.0,1,0,0,0,0
47.2,50.11,50.0,0,0,0,0,0
47.3,49.96,50.0,0,0,0,0,0
47.4,49.81,50.0,0,0,0,0,0
47.5,49.66,50.0,0,0,0,0,0
47.6,49.52,50.0,0,0,0,0,0
47.7,49.37,50.0,0,0,0,0,0
47.8,49.22,50.0,0,0,0,0,0
47.9,49.08,50.0,0,0,0,0,0
48.0,48.93,50.0,0,0,0,0,0
48.1,48.79,50.0,0,0,0,0,0
48.2,48.64,50.0,0,0,0,0,0
48.3,48.5,50.0,0,0,0,0,0
48.4,48.36,50.0,0,0,0,0,0
48.5,48.21,50.0,0,0,0,0,0
48.6,48.07,50.0,0,0,0,0,0
48.7,47.93,50.0,0,0,0,0,0
48.8,47.79,50.0,0,0,0,0,0
48.9,47.65,50.0,0,0,0,0,0
49.0,47.52,50.0,0,0,0,0,0
49.1,47.38,50.0,0,0,0,0,0
49.2,47.24,50.0,0,0,0,0,0
49.3,47.11,50.0,0,0,0,0,0
49.4,46.97,50.0,0,0,0,0,0
49.5,46.84,50.0,0,0,0,0,0
49.6,46.7,50.0,0,0,0,0,0
49.7,46.57,50.0,0,0,0,0,0
49.8,46.43,50.0,0,0,0,0,0
49.9,46.3,50.0,0,0,0,0,0
50.0,46.17,50.0,0,0,0,0,0
50.1,46.04,50.0,0,0,0,0,0
50.2,45.91,50.0,0,0,0,0,0
50.3,45.78,50.0,0,0,0,0,0
50.4,45.65,50.0,0,0,0,0,0
50.5,45.52,50.0,0,0,0,0,0
50.6,45.4,50.0,0,0,0,0,0
50.7,45.27,50.0,0,0,0,0,0
50.8,45.14,50.0,0,0,0,0,0
50.9,45.02,50.0,0,0,0,0,0
51.0,44.89,50.0,0,0,0,0,0
51.1,44.77,50.0,0,0,0,0,500
51.2,44.64,50.0,0,0,0,0,400
51.3,44.52,50.0,0,0,0,0,300
51.4,44.4,50.0,0,0,0,0,200
51.5,44.28,50.0,0,0,0,0,100
51.6,44.95,50.0,1,0,0,0,0
51.7,45.63,50.0,1,0,0,0,0
51.8,46.3,50.0,1,0,0,0,0
51.9,46.97,50.0,1,0,0,0,0
52.0,47.63,50.0,1,0,0,0,0
52.1,48.3,50.0,1,0,0,0,0
52.2,48.96,50.0,1,0,0,0,0
52.3,49.61,50.0,1,0,0,0,0
52.4,50.26,50.0,1,0,0,0,0
52.5,50.11,50.0,0,0,0,0,0
52.6,49.96,50.0,0,0,0,0,0
52.7,49.81,50.0,0,0,0,0,0
52.8,49.66,50.0,0,0,0,0,0
52.9,49.51,50.0,0,0,0,0,0
53.0,49.37,50.0,0,0,0,0,0
53.1,49.22,50.0,0,0,0,0,0
53.2,49.07,50.0,0,0,0,0,0
53.3,48.93,50.0,0,0,0,0,0
53.4,48.78,50.0,0,0,0,0,0
53.5,48.64,50.0,0,0,0,0,0
53.6,48.5,50.0,0,0,0,0,0
53.7,48.35,50.0,0,0,0,0,0
53.8,48.21,50.0,0,0,0,0,0
53.9,48.07,50.0,0,0,0,0,0
54.0,47.93,50.0,0,0,0,0,0
54.1,47.79,50.0,0,0,0,0,0
54.2,47.65,50.0,0,0,0,0,0
54.3,47.51,50.0,0,0,0,0,0
54.4,47.38,50.0,0,0,0,0,0
54.5,47.24,50.0,0,0,0,0,0
54.6,47.1,50.0,0,0,0,0,0
54.7,46.97,50.0,0,0,0,0,0
54.8,46.83,50.0,0,0,0,0,0
54.9,46.7,50.0,0,0,0,0,0
55.0,46.56,50.0,0,0,0,0,0
55.1,46.43,50.0,0,0,0,0,0
55.2,46.3,50.0,0,0,0,0,0
55.3,46.17,50.0,0,0,0,0,0
55.4,46.04,50.0,0,0,0,0,0
55.5,45.91,50.0,0,0,0,0,0
55.6,45.78,50.0,0,0,0,0,0
55.7,45.65,50.0,0,0,0,0,0
55.8,45.52,50.0,0,0,0,0,0
55.9,45.39,50.0,0,0,0,0,0
56.0,45.27,50.0,0,0,0,0,0
56.1,45.14,50.0,0,0,0,0,0
56.2,45.01,50.0,0,0,0,0,0
56.3,44.89,50.0,0,0,0,0,0
56.4,44.76,50.0,0,0,0,0,500
56.5,44.64,50.0,0,0,0,0,400
56.6,44.52,50.0,0,0,0,0,300
56.7,44.39,50.0,0,0,0,0,200
56.8,44.27,50.0,0,0,0,0,100
56.9,44.95,50.0,1,0,0,0,0
57.0,45.63,50.0,1,0,0,0,0
57.1,46.3,50.0,1,0,0,0,0
57.2,46.97,50.0,1,0,0,0,0
57.3,47.63,50.0,1,0,0,0,0
57.4,48.29,50.0,1,0,0,0,0
57.5,48.95,50.0,1,0,0,0,0
57.6,49.61,50.0,1,0,0,0,0
57.7,50.26,50.0,1,0,0,0,0
57.8,50.11,50.0,0,0,0,0,0
57.9,49.96,50.0,0,0,0,0,0
58.0,49.81,50.0,0,0,0,0,0
58.1,49.66,50.0,0,0,0,0,0
58.2,49.51,50.0,0,0,0,0,0
58.3,49.36,50.0,0,0,0,0,0
58.4,49.22,50.0,0,0,0,0,0
58.5,49.07,50.0,0,0,0,0,0
58.6,48.92,50.0,0,0,0,0,0
58.7,48.78,50.0,0,0,0,0,0
58.8,48.64,50.0,0,0,0,0,0
58.9,48.49,50.0,0,0,0,0,0
59.0,48.35,50.0,0,0,0,0,0
59.1,48.21,50.0,0,0,0,0,0
59.2,48.07,50.0,0,0,0,0,0
59.3,47.93,50.0,0,0,0,0,0
59.4,47.79,50.0,0,0,0,0,0
59.5,47.65,50.0,0,0,0,0,0
59.6,47.51,50.0,0,0,0,0,0
59.7,47.37,50.0,0,0,0,0,0
59.8,47.24,50.0,0,0,0,0,0
59.9,47.1,50.0,0,0,0,0,0
60.0,46.96,30.0,0,0,0,0,500
60.1,46.83,30.0,0,0,0,0,400
60.2,46.7,30.0,0,0,0,0,300
60.3,46.56,30.0,0,0,0,0,200
60.4,46.43,30.0,0,0,0,0,100
60.5,45.5,30.0,0,1,0,0,0
60.6,44.57,30.0,0,1,0,0,0
60.7,43.65,30.0,0,1,0,0,0
60.8,42.73,30.0,0,1,0,0,0
60.9,41.82,30.0,0,1,0,0,0
61.0,40.91,30.0,0,1,0,0,0
61.1,40.0,30.0,0,1,0,0,0
61.2,39.1,30.0,0,1,0,0,0
61.3,38.21,30.0,0,1,0,0,0
61.4,37.31,30.0,0,1,0,0,0
61.5,36.43,30.0,0,1,0,0,0
61.6,35.55,30.0,0,1,0,0,0
61.7,34.67,30.0,0,1,0,0,0
61.8,33.8,30.0,0,1,0,0,0
61.9,32.93,30.0,0,1,0,0,0
62.0,32.06,30.0,0,1,0,0,0
62.1,31.2,30.0,0,1,0,0,0
62.2,30.35,30.0,0,1,0,0,0
62.3,29.49,30.0,0,1,0,0,0
62.4,29.45,30.0,0,0,0,0,0
62.5,29.4,30.0,0,0,0,0,0
62.6,29.35,30.0,0,0,0,0,0
62.7,29.31,30.0,0,0,0,0,0
62.8,29.26,30.0,0,0,0,0,0
62.9,29.21,30.0,0,0,0,0,0
63.0,29.17,30.0,0,0,0,0,0
63.1,29.12,30.0,0,0,0,0,0
63.2,29.07,30.0,0,0,0,0,0
63.3,29.03,30.0,0,0,0,0,0
63.4,28.98,30.0,0,0,0,0,0
63.5,28.94,30.0,0,0,0,0,0
63.6,28.89,30.0,0,0,0,0,0
63.7,28.85,30.0,0,0,0,0,0
63.8,28.81,30.0,0,0,0,0,0
63.9,28.76,30.0,0,0,0,0,0
64.0,28.72,30.0,0,0,0,0,0
64.1,28.67,30.0,0,0,0,0,0
64.2,28.63,30.0,0,0,0,0,0
64.3,28.59,30.0,0,0,0,0,0
64.4,28.54,30.0,0,0,0,0,0
64.5,28.5,30.0,0,0,0,0,0
64.6,28.46,30.0,0,0,0,0,0
64.7,28.42,30.0,0,0,0,0,0
64.8,28.38,30.0,0,0,0,0,0
64.9,28.33,30.0,0,0,0,0,0
65.0,28.29,30.0,0,0,0,0,0
65.1,28.25,30.0,0,0,0,0,0
65.2,28.21,30.0,0,0,0,0,0
65.3,28.17,30.0,0,0,0,0,0
65.4,28.13,30.0,0,0,0,0,0
65.5,28.09,30.0,0,0,0,0,0
65.6,28.05,30.0,0,0,0,0,0
65.7,28.01,30.0,0,0,0,0,0
65.8,27.97,30.0,0,0,0,0,0
65.9,27.93,30.0,0,0,0,0,0
66.0,27.89,30.0,0,0,0,0,0
66.1,27.85,30.0,0,0,0,0,0
66.2,27.81,30.0,0,0,0,0,0
66.3,27.77,30.0,0,0,0,0,0
66.4,27.73,30.0,0,0,0,0,0
66.5,27.69,30.0,0,0,0,0,0
66.6,27.65,30.0,0,0,0,0,0
66.7,27.61,30.0,0,0,0,0,0
66.8,27.58,30.0,0,0,0,0,0
66.9,27.54,30.0,0,0,0,0,0
67.0,27.5,30.0,0,0,0,0,0
67.1,27.46,30.0,0,0,0,0,0
67.2,27.43,30.0,0,0,0,0,0
67.3,27.39,30.0,0,0,0,0,0
67.4,27.35,30.0,0,0,0,0,0
67.5,27.32,30.0,0,0,0,0,0
67.6,27.28,30.0,0,0,0,0,0
67.7,27.24,30.0,0,0,0,0,0
67.8,27.21,30.0,0,0,0,0,0
67.9,27.17,30.0,0,0,0,0,0
68.0,27.13,30.0,0,0,0,0,0
68.1,27.1,30.0,0,0,0,0,0
68.2,27.06,30.0,0,0,0,0,0
68.3,27.03,30.0,0,0,0,0,0
68.4,26.99,30.0,0,0,0,0,0
68.5,26.96,30.0,0,0,0,0,0
68.6,26.92,30.0,0,0,0,0,0
68.7,26.89,30.0,0,0,0,0,0
68.8,26.85,30.0,0,0,0,0,0
68.9,26.82,30.0,0,0,0,0,0
69.0,26.79,30.0,0,0,0,0,0
69.1,26.75,30.0,0,0,0,0,0
69.2,26.72,30.0,0,0,0,0,0
69.3,26.68,30.0,0,0,0,0,0
69.4,26.65,30.0,0,0,0,0,0
69.5,26.62,30.0,0,0,0,0,0
69.6,26.58,30.0,0,0,0,0,0
69.7,26.55,30.0,0,0,0,0,0
69.8,26.52,30.0,0,0,0,0,0
69.9,26.49,30.0,0,0,0,0,0
70.0,26.45,30.0,0,0,0,0,0
70.1,26.42,30.0,0,0,0,0,0
70.2,26.39,30.0,0,0,0,0,0
70.3,26.36,30.0,0,0,0,0,0
70.4,26.33,30.0,0,0,0,0,0
70.5,26.29,30.0,0,0,0,0,0
70.6,26.26,30.0,0,0,0,0,0
70.7,26.23,30.0,0,0,0,0,0
70.8,26.2,30.0,0,0,0,0,0
70.9,26.17,30.0,0,0,0,0,0
71.0,26.14,30.0,0,0,0,0,0
71.1,26.11,30.0,0,0,0,0,0
71.2,26.08,30.0,0,0,0,0,0
71.3,26.05,30.0,0,0,0,0,0
71.4,26.02,30.0,0,0,0,0,0
71.5,25.99,30.0,0,0,0,0,0
71.6,25.96,30.0,0,0,0,0,0
71.7,25.93,30.0,0,0,0,0,0
71.8,25.9,30.0,0,0,0,0,0
71.9,25.87,30.0,0,0,0,0,0
72.0,25.84,30.0,0,0,0,0,0
72.1,25.81,30.0,0,0,0,0,0
72.2,25.78,30.0,0,0,0,0,0
72.3,25.75,30.0,0,0,0,0,0
72.4,25.72,30.0,0,0,0,0,0
72.5,25.69,30.0,0,0,0,0,0
72.6,25.67,30.0,0,0,0,0,0
72.7,25.64,30.0,0,0,0,0,0
72.8,25.61,30.0,0,0,0,0,0
72.9,25.58,30.0,0,0,0,0,0
73.0,25.55,30.0,0,0,0,0,0
73.1,25.52,30.0,0,0,0,0,0
73.2,25.5,30.0,0,0,0,0,0
73.3,25.47,30.0,0,0,0,0,0
73.4,25.44,30.0,0,0,0,0,0
73.5,25.42,30.0,0,0,0,0,0
73.6,25.39,30.0,0,0,0,0,0
73.7,25.36,30.0,0,0,0,0,0
73.8,25.33,30.0,0,0,0,0,0
73.9,25.31,30.0,0,0,0,0,0
74.0,25.28,30.0,0,0,0,0,0
74.1,25.25,30.0,0,0,0,0,0
74.2,25.23,30.0,0,0,0,0,0
74.3,25.2,30.0,0,0,0,0,0
74.4,25.18,30.0,0,0,0,0,0
74.5,25.15,30.0,0,0,0,0,0
74.6,25.12,30.0,0,0,0,0,0
74.7,25.1,30.0,0,0,0,0,0
74.8,25.07,30.0,0,0,0,0,0
74.9,25.05,30.0,0,0,0,0,0
75.0,25.02,30.0,0,0,0,0,0
75.1,25.0,30.0,0,0,0,0,0
75.2,24.97,30.0,0,0,0,0,500
75.3,24.95,30.0,0,0,0,0,400
75.4,24.92,30.0,0,0,0,0,300
75.5,24.9,30.0,0,0,0,0,200
75.6,24.87,30.0,0,0,0,0,100
75.7,25.65,30.0,1,0,0,0,0
75.8,26.42,30.0,1,0,0,0,0
75.9,27.19,30.0,1,0,0,0,0
76.0,27.95,30.0,1,0,0,0,0
76.1,28.71,30.0,1,0,0,0,0
76.2,29.47,30.0,1,0,0,0,0
76.3,30.22,30.0,1,0,0,0,0
76.4,30.17,30.0,0,0,0,0,0
76.5,30.12,30.0,0,0,0,0,0
76.6,30.07,30.0,0,0,0,0,0
76.7,30.02,30.0,0,0,0,0,0
76.8,29.97,30.0,0,0,0,0,0
76.9,29.92,30.0,0,0,0,0,0
77.0,29.87,30.0,0,0,0,0,0
77.1,29.82,30.0,0,0,0,0,0
77.2,29.77,30.0,0,0,0,0,0
77.3,29.72,30.0,0,0,0,0,0
77.4,29.67,30.0,0,0,0,0,0
77.5,29.63,30.0,0,0,0,0,0
77.6,29.58,30.0,0,0,0,0,0
77.7,29.53,30.0,0,0,0,0,0
77.8,29.48,30.0,0,0,0,0,0
77.9,29.43,30.0,0,0,0,0,0
78.0,29.39,30.0,0,0,0,0,0
78.1,29.34,30.0,0,0,0,0,0
78.2,29.29,30.0,0,0,0,0,0
78.3,29.25,30.0,0,0,0,0,0
78.4,29.2,30.0,0,0,0,0,0
78.5,29.16,30.0,0,0,0,0,0
78.6,29.11,30.0,0,0,0,0,0
78.7,29.06,30.0,0,0,0,0,0
78.8,29.02,30.0,0,0,0,0,0
78.9,28.97,30.0,0,0,0,0,0
79.0,28.93,30.0,0,0,0,0,0
79.1,28.88,30.0,0,0,0,0,0
79.2,28.84,30.0,0,0,0,0,0
79.3,28.8,30.0,0,0,0,0,0
79.4,28.75,30.0,0,0,0,0,0
79.5,28.71,30.0,0,0,0,0,0
79.6,28.66,30.0,0,0,0,0,0
79.7,28.62,30.0,0,0,0,0,0
79.8,28.58,30.0,0,0,0,0,0
79.9,28.53,30.0,0,0,0,0,0
80.0,28.49,30.0,0,0,0,0,0
80.1,28.45,30.0,0,0,0,0,0
80.2,28.41,30.0,0,0,0,0,0
80.3,28.37,30.0,0,0,0,0,0
80.4,28.32,30.0,0,0,0,0,0
80.5,28.28,30.0,0,0,0,0,0
80.6,28.24,30.0,0,0,0,0,0
80.7,28.2,30.0,0,0,0,0,0
80.8,28.16,30.0,0,0,0,0,0
80.9,28.12,30.0,0,0,0,0,0
81.0,28.08,30.0,0,0,0,0,0
81.1,28.04,30.0,0,0,0,0,0
81.2,28.0,30.0,0,0,0,0,0
81.3,27.96,30.0,0,0,0,0,0
81.4,27.92,30.0,0,0,0,0,0
81.5,27.88,30.0,0,0,0,0,0
81.6,27.84,30.0,0,0,0,0,0
81.7,27.8,30.0,0,0,0,0,0
81.8,27.76,30.0,0,0,0,0,0
81.9,27.72,30.0,0,0,0,0,0
82.0,27.68,30.0,0,0,0,0,0
82.1,27.64,30.0,0,0,0,0,0
82.2,27.61,30.0,0,0,0,0,0
82.3,27.57,30.0,0,0,0,0,0
82.4,27.53,30.0,0,0,0,0,0
82.5,27.49,30.0,0,0,0,0,0
82.6,27.45,30.0,0,0,0,0,0
82.7,27.42,30.0,0,0,0,0,0
82.8,27.38,30.0,0,0,0,0,0
82.9,27.34,30.0,0,0,0,0,0
83.0,27.31,30.0,0,0,0,0,0
83.1,27.27,30.0,0,0,0,0,0
83.2,27.23,30.0,0,0,0,0,0
83.3,27.2,30.0,0,0,0,0,0
83.4,27.16,30.0,0,0,0,0,0
83.5,27.13,30.0,0,0,0,0,0
83.6,27.09,30.0,0,0,0,0,0
83.7,27.05,30.0,0,0,0,0,0
83.8,27.02,30.0,0,0,0,0,0
83.9,26.98,30.0,0,0,0,0,0
84.0,26.95,30.0,0,0,0,0,0
84.1,26.91,30.0,0,0,0,0,0
84.2,26.88,30.0,0,0,0,0,0
84.3,26.85,30.0,0,0,0,0,0
84.4,26.81,30.0,0,0,0,0,0
84.5,26.78,30.0,0,0,0,0,0
84.6,26.74,30.0,0,0,0,0,0
84.7,26.71,30.0,0,0,0,0,0
84.8,26.68,30.0,0,0,0,0,0
84.9,26.64,30.0,0,0,0,0,0
85.0,26.61,30.0,0,0,0,0,0
85.1,26.58,30.0,0,0,0,0,0
85.2,26.54,30.0,0,0,0,0,0
85.3,26.51,30.0,0,0,0,0,0
85.4,26.48,30.0,0,0,0,0,0
85.5,26.45,30.0,0,0,0,0,0
85.6,26.41,30.0,0,0,0,0,0
85.7,26.38,30.0,0,0,0,0,0
85.8,26.35,30.0,0,0,0,0,0
85.9,26.32,30.0,0,0,0,0,0
86.0,26.29,30.0,0,0,0,0,0
86.1,26.26,30.0,0,0,0,0,0
86.2,26.22,30.0,0,0,0,0,0
86.3,26.19,30.0,0,0,0,0,0
86.4,26.16,30.0,0,0,0,0,0
86.5,26.13,30.0,0,0,0,0,0
86.6,26.1,30.0,0,0,0,0,0
86.7,26.07,30.0,0,0,0,0,0
86.8,26.04,30.0,0,0,0,0,0
86.9,26.01,30.0,0,0,0,0,0
87.0,25.98,30.0,0,0,0,0,0
87.1,25.95,30.0,0,0,0,0,0
87.2,25.92,30.0,0,0,0,0,0
87.3,25.89,30.0,0,0,0,0,0
87.4,25.86,30.0,0,0,0,0,0
87.5,25.83,30.0,0,0,0,0,0
87.6,25.8,30.0,0,0,0,0,0
87.7,25.77,30.0,0,0,0,0,0
87.8,25.74,30.0,0,0,0,0,0
87.9,25.72,30.0,0,0,0,0,0
88.0,25.69,30.0,0,0,0,0,0
88.1,25.66,30.0,0,0,0,0,0
88.2,25.63,30.0,0,0,0,0,0
88.3,25.6,30.0,0,0,0,0,0
88.4,25.57,30.0,0,0,0,0,0
88.5,25.55,30.0,0,0,0,0,0
88.6,25.52,30.0,0,0,0,0,0
88.7,25.49,30.0,0,0,0,0,0
88.8,25.46,30.0,0,0,0,0,0
88.9,25.44,30.0,0,0,0,0,0
89.0,25.41,30.0,0,0,0,0,0
89.1,25.38,30.0,0,0,0,0,0
89.2,25.35,30.0,0,0,0,0,0
89.3,25.33,30.0,0,0,0,0,0
89.4,25.3,30.0,0,0,0,0,0
89.5,25.27,30.0,0,0,0,0,0
89.6,25.25,30.0,0,0,0,0,0
89.7,25.22,30.0,0,0,0,0,0
89.8,25.2,30.0,0,0,0,0,0
89.9,25.17,30.0,0,0,0,0,0
90.0,25.14,30.0,0,0,0,3000,500
90.1,25.12,30.0,0,0,0,2900,400
90.2,25.09,30.0,0,0,0,2800,300
90.3,25.07,30.0,0,0,0,2700,200
90.4,25.04,30.0,0,0,0,2600,100
90.5,24.22,30.0,0,1,0,2500,0
90.6,23.4,30.0,0,1,0,2400,0
90.7,22.58,30.0,0,1,0,2300,0
90.8,21.77,30.0,0,1,0,2200,0
90.9,20.96,30.0,0,1,0,2100,0
91.0,20.15,30.0,0,1,0,2000,0
91.1,19.35,30.0,0,1,0,1900,0
91.2,18.55,30.0,0,1,0,1800,0
91.3,17.76,30.0,0,1,0,1700,0
91.4,16.97,30.0,0,1,0,1600,0
91.5,16.19,30.0,0,1,0,1500,0
91.6,15.41,30.0,0,1,0,1400,0
91.7,14.63,30.0,0,1,0,1300,0
91.8,13.86,30.0,0,1,0,1200,0
91.9,13.09,30.0,0,1,0,1100,0
92.0,12.32,30.0,0,1,0,1000,0
92.1,11.56,30.0,0,1,0,900,0
92.2,10.8,30.0,0,1,0,800,0
92.3,10.05,30.0,0,1,0,700,0
92.4,9.3,30.0,0,1,0,600,0
92.5,8.55,30.0,0,1,0,500,0
92.6,7.81,30.0,0,1,0,400,0
92.7,7.07,30.0,0,1,0,300,0
92.8,6.34,30.0,0,1,0,200,0
92.9,5.6,30.0,0,1,0,100,0
93.0,5.68,30.0,0,0,1,0,0
93.1,5.75,30.0,0,0,1,0,0
93.2,5.82,30.0,0,0,1,0,0
93.3,5.89,30.0,0,0,1,0,0
93.4,5.96,30.0,0,0,1,0,0
93.5,6.03,30.0,0,0,1,0,0
93.6,6.1,30.0,0,0,1,0,0
93.7,6.17,30.0,0,0,1,0,0
93.8,6.24,30.0,0,0,1,0,0
93.9,6.31,30.0,0,0,1,0,0
94.0,6.38,30.0,0,0,1,0,0
94.1,6.44,30.0,0,0,1,0,0
94.2,6.51,30.0,0,0,1,0,0
94.3,6.58,30.0,0,0,1,0,0
94.4,6.65,30.0,0,0,1,0,0
94.5,6.71,30.0,0,0,1,0,0
94.6,6.78,30.0,0,0,1,0,0
94.7,6.85,30.0,0,0,1,0,0
94.8,6.91,30.0,0,0,1,0,0
94.9,6.98,30.0,0,0,1,0,0
95.0,7.04,30.0,0,0,0,3000,500
95.1,7.11,30.0,0,0,0,2900,400
95.2,7.17,30.0,0,0,0,2800,300
95.3,7.24,30.0,0,0,0,2700,200
95.4,7.3,30.0,0,0,0,2600,100
95.5,8.16,30.0,1,0,0,2500,0
95.6,9.02,30.0,1,0,0,2400,0
95.7,9.88,30.0,1,0,0,2300,0
95.8,10.73,30.0,1,0,0,2200,0
95.9,11.57,30.0,1,0,0,0,0
96.0,12.42,30.0,1,0,0,0,0
96.1,13.25,30.0,1,0,0,0,0
96.2,14.09,30.0,1,0,0,0,0
96.3,14.92,30.0,1,0,0,0,0
96.4,15.74,30.0,1,0,0,0,0
96.5,16.56,30.0,1,0,0,0,0
96.6,17.38,30.0,1,0,0,0,0
96.7,18.19,30.0,1,0,0,0,0
96.8,19.0,30.0,1,0,0,0,0
96.9,19.81,30.0,1,0,0,0,0
97.0,20.61,30.0,1,0,0,0,0
97.1,21.41,30.0,1,0,0,0,0
97.2,22.2,30.0,1,0,0,0,0
97.3,22.99,30.0,1,0,0,0,0
97.4,23.77,30.0,1,0,0,0,0
97.5,24.55,30.0,1,0,0,0,0
97.6,25.33,30.0,1,0,0,0,0
97.7,26.1,30.0,1,0,0,0,0
97.8,26.87,30.0,1,0,0,0,0
97.9,27.64,30.0,1,0,0,0,0
98.0,28.4,30.0,1,0,0,0,0
98.1,29.16,30.0,1,0,0,0,0
98.2,29.91,30.0,1,0,0,0,0
98.3,30.66,30.0,1,0,0,0,0
98.4,30.61,30.0,0,0,0,0,0
98.5,30.56,30.0,0,0,0,0,0
98.6,30.51,30.0,0,0,0,0,0
98.7,30.45,30.0,0,0,0,0,0
98.8,30.4,30.0,0,0,0,0,0
98.9,30.35,30.0,0,0,0,0,0
99.0,30.3,30.0,0,0,0,0,0
99.1,30.25,30.0,0,0,0,0,0
99.2,30.19,30.0,0,0,0,0,0
99.3,30.14,30.0,0,0,0,0,0
99.4,30.09,30.0,0,0,0,0,0
99.5,30.04,30.0,0,0,0,0,0
99.6,29.99,30.0,0,0,0,0,0
99.7,29.94,30.0,0,0,0,0,0
99.8,29.89,30.0,0,0,0,0,0
99.9,29.84,30.0,0,0,0,0,0
100.0,29.79,30.0,0,0,0,0,0
100.1,29.74,30.0,0,0,0,0,0
100.2,29.7,30.0,0,0,0,0,0
100.3,29.65,30.0,0,0,0,0,0
100.4,29.6,30.0,0,0,0,0,0
100.5,29.55,30.0,0,0,0,0,0
100.6,29.5,30.0,0,0,0,0,0
100.7,29.46,30.0,0,0,0,0,0
100.8,29.41,30.0,0,0,0,0,0
100.9,29.36,30.0,0,0,0,0,0
101.0,29.31,30.0,0,0,0,0,0
101.1,29.27,30.0,0,0,0,0,0
101.2,29.22,30.0,0,0,0,0,0
101.3,29.18,30.0,0,0,0,0,0
101.4,29.13,30.0,0,0,0,0,0
101.5,29.08,30.0,0,0,0,0,0
101.6,29.04,30.0,0,0,0,0,0
101.7,28.99,30.0,0,0,0,0,0
101.8,28.95,30.0,0,0,0,0,0
101.9,28.9,30.0,0,0,0,0,0
102.0,28.86,30.0,0,0,0,0,0
102.1,28.81,30.0,0,0,0,0,0
102.2,28.77,30.0,0,0,0,0,0
102.3,28.73,30.0,0,0,0,0,0
102.4,28.68,30.0,0,0,0,0,0
102.5,28.64,30.0,0,0,0,0,0
102.6,28.6,30.0,0,0,0,0,0
102.7,28.55,30.0,0,0,0,0,0
102.8,28.51,30.0,0,0,0,0,0
102.9,28.47,30.0,0,0,0,0,0
103.0,28.43,30.0,0,0,0,0,0
103.1,28.38,30.0,0,0,0,0,0
103.2,28.34,30.0,0,0,0,0,0
103.3,28.3,30.0,0,0,0,0,0
103.4,28.26,30.0,0,0,0,0,0
103.5,28.22,30.0,0,0,0,0,0
103.6,28.18,30.0,0,0,0,0,0
103.7,28.14,30.0,0,0,0,0,0
103.8,28.09,30.0,0,0,0,0,0
103.9,28.05,30.0,0,0,0,0,0
104.0,28.01,30.0,0,0,0,0,0
104.1,27.97,30.0,0,0,0,0,0
104.2,27.93,30.0,0,0,0,0,0
104.3,27.89,30.0,0,0,0,0,0
104.4,27.85,30.0,0,0,0,0,0
104.5,27.82,30.0,0,0,0,0,0
104.6,27.78,30.0,0,0,0,0,0
104.7,27.74,30.0,0,0,0,0,0
104.8,27.7,30.0,0,0,0,0,0
104.9,27.66,30.0,0,0,0,0,0
105.0,27.62,30.0,0,0,0,0,0
105.1,27.58,30.0,0,0,0,0,0
105.2,27.55,30.0,0,0,0,0,0
105.3,27.51,30.0,0,0,0,0,0
105.4,27.47,30.0,0,0,0,0,0
105.5,27.43,30.0,0,0,0,0,0
105.6,27.4,30.0,0,0,0,0,0
105.7,27.36,30.0,0,0,0,0,0
105.8,27.32,30.0,0,0,0,0,0
105.9,27.29,30.0,0,0,0,0,0
106.0,27.25,30.0,0,0,0,0,0
106.1,27.21,30.0,0,0,0,0,0
106.2,27.18,30.0,0,0,0,0,0
106.3,27.14,30.0,0,0,0,0,0
106.4,27.11,30.0,0,0,0,0,0
106.5,27.07,30.0,0,0,0,0,0
106.6,27.03,30.0,0,0,0,0,0
106.7,27.0,30.0,0,0,0,0,0
106.8,26.96,30.0,0,0,0,0,0
106.9,26.93,30.0,0,0,0,0,0
107.0,26.9,30.0,0,0,0,0,0
107.1,26.86,30.0,0,0,0,0,0
107.2,26.83,30.0,0,0,0,0,0
107.3,26.79,30.0,0,0,0,0,0
107.4,26.76,30.0,0,0,0,0,0
107.5,26.72,30.0,0,0,0,0,0
107.6,26.69,30.0,0,0,0,0,0
107.7,26.66,30.0,0,0,0,0,0
107.8,26.62,30.0,0,0,0,0,0
107.9,26.59,30.0,0,0,0,0,0
108.0,26.56,30.0,0,0,0,0,0
108.1,26.53,30.0,0,0,0,0,0
108.2,26.49,30.0,0,0,0,0,0
108.3,26.46,30.0,0,0,0,0,0
108.4,26.43,30.0,0,0,0,0,0
108.5,26.4,30.0,0,0,0,0,0
108.6,26.36,30.0,0,0,0,0,0
108.7,26.33,30.0,0,0,0,0,0
108.8,26.3,30.0,0,0,0,0,0
108.9,26.27,30.0,0,0,0,0,0
109.0,26.24,30.0,0,0,0,0,0
109.1,26.21,30.0,0,0,0,0,0
109.2,26.18,30.0,0,0,0,0,0
109.3,26.14,30.0,0,0,0,0,0
109.4,26.11,30.0,0,0,0,0,0
109.5,26.08,30.0,0,0,0,0,0
109.6,26.05,30.0,0,0,0,0,0
109.7,26.02,30.0,0,0,0,0,0
109.8,25.99,30.0,0,0,0,0,0
109.9,25.96,30.0,0,0,0,0,0
110.0,25.93,30.0,0,0,0,0,0
110.1,25.9,30.0,0,0,0,0,0
110.2,25.87,30.0,0,0,0,0,0
110.3,25.84,30.0,0,0,0,0,0
110.4,25.81,30.0,0,0,0,0,0
110.5,25.79,30.0,0,0,0,0,0
110.6,25.76,30.0,0,0,0,0,0
110.7,25.73,30.0,0,0,0,0,0
110.8,25.7,30.0,0,0,0,0,0
110.9,25.67,30.0,0,0,0,0,0
111.0,25.64,30.0,0,0,0,0,0
111.1,25.61,30.0,0,0,0,0,0
111.2,25.59,30.0,0,0,0,0,0
111.3,25.56,30.0,0,0,0,0,0
111.4,25.53,30.0,0,0,0,0,0
111.5,25.5,30.0,0,0,0,0,0
111.6,25.48,30.0,0,0,0,0,0
111.7,25.45,30.0,0,0,0,0,0
111.8,25.42,30.0,0,0,0,0,0
111.9,25.39,30.0,0,0,0,0,0
112.0,25.37,30.0,0,0,0,0,0
112.1,25.34,30.0,0,0,0,0,0
112.2,25.31,30.0,0,0,0,0,0
112.3,25.29,30.0,0,0,0,0,0
112.4,25.26,30.0,0,0,0,0,0
112.5,25.23,30.0,0,0,0,0,0
112.6,25.21,30.0,0,0,0,0,0
112.7,25.18,30.0,0,0,0,0,0
112.8,25.16,30.0,0,0,0,0,0
112.9,25.13,30.0,0,0,0,0,0
113.0,25.1,30.0,0,0,0,0,0
113.1,25.08,30.0,0,0,0,0,0
113.2,25.05,30.0,0,0,0,0,0
113.3,25.03,30.0,0,0,0,0,0
113.4,25.0,30.0,0,0,0,0,0
113.5,24.98,30.0,0,0,0,0,0
113.6,24.95,30.0,0,0,0,0,500
113.7,24.93,30.0,0,0,0,0,400
113.8,24.9,30.0,0,0,0,0,300
113.9,24.88,30.0,0,0,0,0,200
114.0,24.85,30.0,0,0,0,0,100
114.1,25.63,30.0,1,0,0,0,0
114.2,26.4,30.0,1,0,0,0,0
114.3,27.17,30.0,1,0,0,0,0
114.4,27.93,30.0,1,0,0,0,0
114.5,28.69,30.0,1,0,0,0,0
114.6,29.45,30.0,1,0,0,0,0
114.7,30.2,30.0,1,0,0,0,0
114.8,30.15,30.0,0,0,0,0,0
114.9,30.1,30.0,0,0,0,0,0
115.0,30.05,30.0,0,0,0,0,0
115.1,30.0,30.0,0,0,0,0,0
115.2,29.95,30.0,0,0,0,0,0
115.3,29.9,30.0,0,0,0,0,0
115.4,29.85,30.0,0,0,0,0,0
115.5,29.8,30.0,0,0,0,0,0
115.6,29.75,30.0,0,0,0,0,0
115.7,29.71,30.0,0,0,0,0,0
115.8,29.66,30.0,0,0,0,0,0
115.9,29.61,30.0,0,0,0,0,0
116.0,29.56,30.0,0,0,0,0,0
116.1,29.51,30.0,0,0,0,0,0
116.2,29.46,30.0,0,0,0,0,0
116.3,29.42,30.0,0,0,0,0,0
116.4,29.37,30.0,0,0,0,0,0
116.5,29.32,30.0,0,0,0,0,0
116.6,29.28,30.0,0,0,0,0,0
116.7,29.23,30.0,0,0,0,0,0
116.8,29.18,30.0,0,0,0,0,0
116.9,29.14,30.0,0,0,0,0,0
117.0,29.09,30.0,0,0,0,0,0
117.1,29.05,30.0,0,0,0,0,0
117.2,29.0,30.0,0,0,0,0,0
117.3,28.96,30.0,0,0,0,0,0
117.4,28.91,30.0,0,0,0,0,0
117.5,28.87,30.0,0,0,0,0,0
117.6,28.82,30.0,0,0,0,0,0
117.7,28.78,30.0,0,0,0,0,0
117.8,28.74,30.0,0,0,0,0,0
117.9,28.69,30.0,0,0,0,0,0
118.0,28.65,30.0,0,0,0,0,0
118.1,28.61,30.0,0,0,0,0,0
118.2,28.56,30.0,0,0,0,0,0
118.3,28.52,30.0,0,0,0,0,0
118.4,28.48,30.0,0,0,0,0,0
118.5,28.43,30.0,0,0,0,0,0
118.6,28.39,30.0,0,0,0,0,0
118.7,28.35,30.0,0,0,0,0,0
118.8,28.31,30.0,0,0,0,0,0
118.9,28.27,30.0,0,0,0,0,0
119.0,28.23,30.0,0,0,0,0,0
119.1,28.18,30.0,0,0,0,0,0
119.2,28.14,30.0,0,0,0,0,0
119.3,28.1,30.0,0,0,0,0,0
119.4,28.06,30.0,0,0,0,0,0
119.5,28.02,30.0,0,0,0,0,0
119.6,27.98,30.0,0,0,0,0,0
119.7,27.94,30.0,0,0,0,0,0
119.8,27.9,30.0,0,0,0,0,0
119.9,27.86,30.0,0,0,0,0,0
120.0,27.82,30.0,0,0,0,0,0
